model_name,mean,std
lgbm_300_lr_005_depth_2_leaves_4,0.8174473009188526,0.042629780219973115
lgbm_300_lr_005_depth_3_leaves_8,0.8103964737981058,0.03525753519166132
lgbm_300_lr_005_depth_4_leaves_16,0.8150458114559566,0.031355826273786545
lgbm_300_lr_005_depth_5_leaves_32,0.8175043124319172,0.03669274182738332
