model_name,mean,std
xgb_50_lr_003_depth_3_stable,0.8281344860424333,0.02917644089730496
