model_name,mean,std
xgb_300_lr_005_depth_2,0.8193335371868263,0.03658693018703901
xgb_300_lr_005_depth_3,0.8226435071130324,0.04286599381512442
xgb_300_lr_005_depth_4,0.8137352307528369,0.03318310431431408
xgb_300_lr_005_depth_5,0.8125302989669313,0.03329290637457366
