model_name,mean,std
catboost_300_lr_005_d4_l2_10_native_cat,0.8215241488511221,0.032760212956140435
