model_name,mean,std
lgbm_50_lr_003_d5_l32_tree_features,0.8295460683811735,0.02918454442253449
