model_name,mean,std
catboost_300_lr_005_d4_l2_10_raw_features,0.8214491605680415,0.034366173484219456
