model_name,mean,std
dnn_mlp_h16_relu,0.6182443361966385,0.061659933550646244
